kldb_code,title_de,title_en,slug,category_de,category_en,pay,jobs,outlook,outlook_desc_de,outlook_desc_en,education_de,education_en,education_level,exposure,exposure_rationale,url
32102,Hochbaufacharbeiter/in,Construction Worker (Building),hochbaufacharbeiter-in,"Bau, Architektur, Vermessung und Gebäudetechnik","Construction, Architecture, Surveying and Building Technology",37539,421311,6,Fachkräftemangel,Shortage,Fachkraft (Ausbildung),Vocational training (Fachkraft),2,1,"Construction work is entirely physical, outdoors, and requires real-time human presence. AI has essentially no impact on daily work.",https://berufenet.arbeitsagentur.de/berufenet/faces/index?path=null/suchergebnisse&such=32102
32212,Tiefbaufacharbeiter/in,Civil Construction Worker,tiefbaufacharbeiter-in,"Bau, Architektur, Vermessung und Gebäudetechnik","Construction, Architecture, Surveying and Building Technology",37302,311438,6,Fachkräftemangel,Shortage,Fachkraft (Ausbildung),Vocational training (Fachkraft),2,1,Underground and road construction is heavy physical labor in outdoor environments. AI cannot replace manual earthwork and infrastructure building.,https://berufenet.arbeitsagentur.de/berufenet/faces/index?path=null/suchergebnisse&such=32212
34212,Klempner/in (SHK),Plumber (HVAC),klempner-in-shk,"Bau, Architektur, Vermessung und Gebäudetechnik","Construction, Architecture, Surveying and Building Technology",35524,305871,12,Starker Fachkräftemangel,Severe Shortage,Fachkraft (Ausbildung),Vocational training (Fachkraft),2,1,Plumbing is hands-on physical work in buildings. AI has no meaningful impact on pipe fitting and installation.,https://berufenet.arbeitsagentur.de/berufenet/faces/index?path=null/suchergebnisse&such=34212
34302,Sanitär- und Heizungstechniker/in,Plumbing and Heating Technician,sanitaer-und-heizungstechniker-in,"Bau, Architektur, Vermessung und Gebäudetechnik","Construction, Architecture, Surveying and Building Technology",37784,286070,12,Starker Fachkräftemangel,Severe Shortage,Fachkraft (Ausbildung),Vocational training (Fachkraft),2,2,Sanitary and heating installation is skilled manual work requiring physical presence in buildings.,https://berufenet.arbeitsagentur.de/berufenet/faces/index?path=null/suchergebnisse&such=34302
34502,Elektroniker/in für Energie- und Gebäudetechnik,Electrical Installer (Buildings),elektroniker-in-fuer-energie-und-gebaeudetechnik,"Bau, Architektur, Vermessung und Gebäudetechnik","Construction, Architecture, Surveying and Building Technology",39088,220607,12,Starker Fachkräftemangel,Severe Shortage,Fachkraft (Ausbildung),Vocational training (Fachkraft),2,2,Electrical installation in buildings is hands-on skilled work. AI aids planning but wiring is manual.,https://berufenet.arbeitsagentur.de/berufenet/faces/index?path=null/suchergebnisse&such=34502
32302,Maler/in und Lackierer/in,Painter and Varnisher,maler-in-und-lackierer-in,"Bau, Architektur, Vermessung und Gebäudetechnik","Construction, Architecture, Surveying and Building Technology",30656,191874,2,Ausgeglichen,Balanced,Fachkraft (Ausbildung),Vocational training (Fachkraft),2,1,Painting and varnishing is entirely physical work requiring manual dexterity and on-site presence.,https://berufenet.arbeitsagentur.de/berufenet/faces/index?path=null/suchergebnisse&such=32302
31104,Architekt/in,Architect,architekt-in,"Bau, Architektur, Vermessung und Gebäudetechnik","Construction, Architecture, Surveying and Building Technology",53712,140995,2,Ausgeglichen,Balanced,Experte (Hochschulabschluss),University degree (Experte),4,7,"Architecture is increasingly digital — BIM, CAD, rendering, documentation. AI tools are rapidly advancing in generative design and plan creation.",https://berufenet.arbeitsagentur.de/berufenet/faces/index?path=null/suchergebnisse&such=31104
34102,Gebäudetechniker/in,Building Technology Engineer,gebaeudetechniker-in,"Bau, Architektur, Vermessung und Gebäudetechnik","Construction, Architecture, Surveying and Building Technology",48981,121594,6,Fachkräftemangel,Shortage,Spezialist (Meister/Techniker/Fachwirt),Master craftsman / Technician (Spezialist),3,4,Building tech combines physical installation with digital planning and monitoring. AI assists with smart building management.,https://berufenet.arbeitsagentur.de/berufenet/faces/index?path=null/suchergebnisse&such=34102
33202,Dachdecker/in,Roofer,dachdecker-in,"Bau, Architektur, Vermessung und Gebäudetechnik","Construction, Architecture, Surveying and Building Technology",35474,64473,6,Fachkräftemangel,Shortage,Fachkraft (Ausbildung),Vocational training (Fachkraft),2,1,Roofing is physically demanding outdoor work at heights. AI has virtually zero impact on this occupation.,https://berufenet.arbeitsagentur.de/berufenet/faces/index?path=null/suchergebnisse&such=33202
33104,Vermessungsingenieur/in,Surveying Engineer,vermessungsingenieur-in,"Bau, Architektur, Vermessung und Gebäudetechnik","Construction, Architecture, Surveying and Building Technology",53504,34558,2,Ausgeglichen,Balanced,Experte (Hochschulabschluss),University degree (Experte),4,5,Surveying increasingly uses digital tools and GIS. AI can assist with data processing but fieldwork requires physical presence.,https://berufenet.arbeitsagentur.de/berufenet/faces/index?path=null/suchergebnisse&such=33104
31214,Stadtplaner/in,Urban Planner,stadtplaner-in,"Bau, Architektur, Vermessung und Gebäudetechnik","Construction, Architecture, Surveying and Building Technology",57248,27512,6,Fachkräftemangel,Shortage,Experte (Hochschulabschluss),University degree (Experte),4,6,"Urban planning involves significant analytical, documentation, and modeling work — domains where AI capabilities are growing.",https://berufenet.arbeitsagentur.de/berufenet/faces/index?path=null/suchergebnisse&such=31214
34402,Schornsteinfeger/in,Chimney Sweep,schornsteinfeger-in,"Bau, Architektur, Vermessung und Gebäudetechnik","Construction, Architecture, Surveying and Building Technology",36342,22231,2,Ausgeglichen,Balanced,Fachkraft (Ausbildung),Vocational training (Fachkraft),2,1,Chimney sweeping is physical work at heights. AI has zero impact.,https://berufenet.arbeitsagentur.de/berufenet/faces/index?path=null/suchergebnisse&such=34402
81302,Gesundheits- und Krankenpfleger/in,Nurse,gesundheits-und-krankenpfleger-in,"Gesundheit, Soziales, Lehre und Erziehung","Health, Social Work, Teaching and Education",39010,801717,12,Starker Fachkräftemangel,Severe Shortage,Fachkraft (Ausbildung),Vocational training (Fachkraft),2,3,"Nursing is physical, hands-on patient care requiring empathy and real-time clinical judgment. AI assists with monitoring but not bedside care.",https://berufenet.arbeitsagentur.de/berufenet/faces/index?path=null/suchergebnisse&such=81302
82104,Erzieher/in,Childcare Educator,erzieher-in,"Gesundheit, Soziales, Lehre und Erziehung","Health, Social Work, Teaching and Education",35724,668242,12,Starker Fachkräftemangel,Severe Shortage,Spezialist (Meister/Techniker/Fachwirt),Master craftsman / Technician (Spezialist),3,2,"Childcare requires constant physical presence, emotional engagement, and real-time interaction with children. AI has minimal applicability.",https://berufenet.arbeitsagentur.de/berufenet/faces/index?path=null/suchergebnisse&such=82104
82302,Altenpfleger/in,Elderly Care Nurse,altenpfleger-in,"Gesundheit, Soziales, Lehre und Erziehung","Health, Social Work, Teaching and Education",33450,643391,12,Starker Fachkräftemangel,Severe Shortage,Fachkraft (Ausbildung),Vocational training (Fachkraft),2,2,"Elderly care requires physical presence, emotional support, and hands-on assistance with daily activities.",https://berufenet.arbeitsagentur.de/berufenet/faces/index?path=null/suchergebnisse&such=82302
81402,Medizinische/r Fachangestellte/r,Medical Assistant,medizinische-r-fachangestellte-r,"Gesundheit, Soziales, Lehre und Erziehung","Health, Social Work, Teaching and Education",29296,633854,6,Fachkräftemangel,Shortage,Fachkraft (Ausbildung),Vocational training (Fachkraft),2,4,Medical assistants handle both patient-facing tasks (physical) and documentation (increasingly digital). AI assists with records management.,https://berufenet.arbeitsagentur.de/berufenet/faces/index?path=null/suchergebnisse&such=81402
84104,Lehrer/in (Sekundarstufe),Secondary School Teacher,lehrer-in-sekundarstufe,"Gesundheit, Soziales, Lehre und Erziehung","Health, Social Work, Teaching and Education",55216,527173,12,Starker Fachkräftemangel,Severe Shortage,Experte (Hochschulabschluss),University degree (Experte),4,5,"Teaching combines knowledge delivery (increasingly AI-augmented) with classroom management, mentoring, and interpersonal guidance.",https://berufenet.arbeitsagentur.de/berufenet/faces/index?path=null/suchergebnisse&such=84104
82202,Sozialarbeiter/in,Social Worker,sozialarbeiter-in,"Gesundheit, Soziales, Lehre und Erziehung","Health, Social Work, Teaching and Education",40745,306498,6,Fachkräftemangel,Shortage,Experte (Hochschulabschluss),University degree (Experte),4,3,"Social work requires deep interpersonal skills, home visits, and crisis intervention — all requiring human presence and empathy.",https://berufenet.arbeitsagentur.de/berufenet/faces/index?path=null/suchergebnisse&such=82202
84404,Grundschullehrer/in,Primary School Teacher,grundschullehrer-in,"Gesundheit, Soziales, Lehre und Erziehung","Health, Social Work, Teaching and Education",50210,233422,12,Starker Fachkräftemangel,Severe Shortage,Experte (Hochschulabschluss),University degree (Experte),4,4,Primary teaching requires high interpersonal engagement with young children. AI may supplement lessons but cannot replace the teacher.,https://berufenet.arbeitsagentur.de/berufenet/faces/index?path=null/suchergebnisse&such=84404
81502,Physiotherapeut/in,Physiotherapist,physiotherapeut-in,"Gesundheit, Soziales, Lehre und Erziehung","Health, Social Work, Teaching and Education",37782,176573,6,Fachkräftemangel,Shortage,Spezialist (Meister/Techniker/Fachwirt),Master craftsman / Technician (Spezialist),3,2,Physiotherapy is hands-on physical treatment. AI may assist with diagnosis but therapeutic touch cannot be automated.,https://berufenet.arbeitsagentur.de/berufenet/faces/index?path=null/suchergebnisse&such=81502
82602,Sozialpädagoge/Sozialpädagogin,Social Pedagogue,sozialpaedagoge-sozialpaedagogin,"Gesundheit, Soziales, Lehre und Erziehung","Health, Social Work, Teaching and Education",40205,174562,6,Fachkräftemangel,Shortage,Experte (Hochschulabschluss),University degree (Experte),4,3,"Social pedagogy requires personal interaction, mentoring, and community work. AI has limited applicability.",https://berufenet.arbeitsagentur.de/berufenet/faces/index?path=null/suchergebnisse&such=82602
81102,Arzt/Ärztin (Allgemeinmedizin),General Practitioner,arzt-aerztin-allgemeinmedizin,"Gesundheit, Soziales, Lehre und Erziehung","Health, Social Work, Teaching and Education",81339,162501,12,Starker Fachkräftemangel,Severe Shortage,Experte (Hochschulabschluss),University degree (Experte),4,4,"Medicine requires physical examination, patient interaction, and clinical judgment. AI assists with diagnostics but cannot replace the physician-patient relationship.",https://berufenet.arbeitsagentur.de/berufenet/faces/index?path=null/suchergebnisse&such=81102
84204,Berufsschullehrer/in,Vocational School Teacher,berufsschullehrer-in,"Gesundheit, Soziales, Lehre und Erziehung","Health, Social Work, Teaching and Education",49770,95747,12,Starker Fachkräftemangel,Severe Shortage,Experte (Hochschulabschluss),University degree (Experte),4,5,Vocational teaching combines practical skill instruction (physical) with theoretical content delivery (increasingly AI-augmented).,https://berufenet.arbeitsagentur.de/berufenet/faces/index?path=null/suchergebnisse&such=84204
82502,Heilerziehungspfleger/in,Therapeutic Care Worker,heilerziehungspfleger-in,"Gesundheit, Soziales, Lehre und Erziehung","Health, Social Work, Teaching and Education",35326,93554,6,Fachkräftemangel,Shortage,Fachkraft (Ausbildung),Vocational training (Fachkraft),2,2,Therapeutic care is hands-on work with people with disabilities requiring empathy and physical assistance.,https://berufenet.arbeitsagentur.de/berufenet/faces/index?path=null/suchergebnisse&such=82502
81104,Arzt/Ärztin (Innere Medizin),Internist,arzt-aerztin-innere-medizin,"Gesundheit, Soziales, Lehre und Erziehung","Health, Social Work, Teaching and Education",92191,86102,12,Starker Fachkräftemangel,Severe Shortage,Experte (Hochschulabschluss),University degree (Experte),4,4,Internal medicine combines patient examination with diagnostic reasoning. AI assists with imaging and lab analysis.,https://berufenet.arbeitsagentur.de/berufenet/faces/index?path=null/suchergebnisse&such=81104
81904,Psychologe/Psychologin,Psychologist,psychologe-psychologin,"Gesundheit, Soziales, Lehre und Erziehung","Health, Social Work, Teaching and Education",50597,83574,6,Fachkräftemangel,Shortage,Experte (Hochschulabschluss),University degree (Experte),4,4,Psychology requires deep interpersonal interaction and empathy. AI may assist with assessments but therapy is inherently human.,https://berufenet.arbeitsagentur.de/berufenet/faces/index?path=null/suchergebnisse&such=81904
81602,Zahnarzt/Zahnärztin,Dentist,zahnarzt-zahnaerztin,"Gesundheit, Soziales, Lehre und Erziehung","Health, Social Work, Teaching and Education",74536,72075,6,Fachkräftemangel,Shortage,Experte (Hochschulabschluss),University degree (Experte),4,3,"Dentistry is physical, precision work in patients' mouths. AI assists with imaging analysis but treatment is manual.",https://berufenet.arbeitsagentur.de/berufenet/faces/index?path=null/suchergebnisse&such=81602
82402,Heilpädagoge/Heilpädagogin,Special Needs Educator,heilpaedagoge-heilpaedagogin,"Gesundheit, Soziales, Lehre und Erziehung","Health, Social Work, Teaching and Education",38916,66581,6,Fachkräftemangel,Shortage,Experte (Hochschulabschluss),University degree (Experte),4,2,"Special needs education requires individual attention, empathy, and adaptive physical interaction.",https://berufenet.arbeitsagentur.de/berufenet/faces/index?path=null/suchergebnisse&such=82402
81802,Ergotherapeut/in,Occupational Therapist,ergotherapeut-in,"Gesundheit, Soziales, Lehre und Erziehung","Health, Social Work, Teaching and Education",36641,56407,6,Fachkräftemangel,Shortage,Spezialist (Meister/Techniker/Fachwirt),Master craftsman / Technician (Spezialist),3,2,"Occupational therapy is physical, hands-on rehabilitation work. AI has minimal impact.",https://berufenet.arbeitsagentur.de/berufenet/faces/index?path=null/suchergebnisse&such=81802
81204,Arzt/Ärztin (Chirurgie),Surgeon,arzt-aerztin-chirurgie,"Gesundheit, Soziales, Lehre und Erziehung","Health, Social Work, Teaching and Education",124315,53584,12,Starker Fachkräftemangel,Severe Shortage,Experte (Hochschulabschluss),University degree (Experte),4,3,Surgery is precise physical work requiring years of training and real-time judgment. AI assists with imaging but the surgeon's hands are irreplaceable.,https://berufenet.arbeitsagentur.de/berufenet/faces/index?path=null/suchergebnisse&such=81204
81704,Apotheker/in,Pharmacist,apotheker-in,"Gesundheit, Soziales, Lehre und Erziehung","Health, Social Work, Teaching and Education",54865,52155,6,Fachkräftemangel,Shortage,Experte (Hochschulabschluss),University degree (Experte),4,5,Pharmacy combines physical dispensing with digital drug interaction checking and counseling. AI automates verification tasks.,https://berufenet.arbeitsagentur.de/berufenet/faces/index?path=null/suchergebnisse&such=81704
84304,Hochschulprofessor/in,University Professor,hochschulprofessor-in,"Gesundheit, Soziales, Lehre und Erziehung","Health, Social Work, Teaching and Education",69272,47208,2,Ausgeglichen,Balanced,Experte (Hochschulabschluss),University degree (Experte),4,6,"Professors do significant knowledge work — research, writing, grading. AI impacts the digital components but classroom teaching and mentoring remain human.",https://berufenet.arbeitsagentur.de/berufenet/faces/index?path=null/suchergebnisse&such=84304
81602,Tiermedizinische/r Fachangestellte/r,Veterinary Assistant,tiermedizinische-r-fachangestellte-r,"Gesundheit, Soziales, Lehre und Erziehung","Health, Social Work, Teaching and Education",28934,42512,2,Ausgeglichen,Balanced,Fachkraft (Ausbildung),Vocational training (Fachkraft),2,3,Veterinary assistance combines animal handling (physical) with records management (digital). AI helps with the digital side.,https://berufenet.arbeitsagentur.de/berufenet/faces/index?path=null/suchergebnisse&such=81602
81902,Logopäde/Logopädin,Speech Therapist,logopaede-logopaedin,"Gesundheit, Soziales, Lehre und Erziehung","Health, Social Work, Teaching and Education",39325,31360,6,Fachkräftemangel,Shortage,Experte (Hochschulabschluss),University degree (Experte),4,3,Speech therapy requires in-person interaction and individualized treatment. AI may assist with exercises.,https://berufenet.arbeitsagentur.de/berufenet/faces/index?path=null/suchergebnisse&such=81902
83102,Tierarzt/Tierärztin,Veterinarian,tierarzt-tieraerztin,"Gesundheit, Soziales, Lehre und Erziehung","Health, Social Work, Teaching and Education",48691,28283,6,Fachkräftemangel,Shortage,Experte (Hochschulabschluss),University degree (Experte),4,3,Veterinary medicine requires physical examination and treatment of animals. AI helps with diagnostics but treatment is hands-on.,https://berufenet.arbeitsagentur.de/berufenet/faces/index?path=null/suchergebnisse&such=83102
62102,Einzelhandelskaufmann/-frau,Retail Salesperson,einzelhandelskaufmann-frau,"Kaufmännische Dienstleistungen, Warenhandel, Vertrieb, Hotel und Tourismus","Commercial Services, Trade, Sales, Hotel and Tourism",28691,1439701,-4,Leichter Überhang,Moderate Surplus,Fachkraft (Ausbildung),Vocational training (Fachkraft),2,4,Retail combines customer interaction with inventory and POS tasks. AI-powered self-checkout and recommendation engines are growing but face-to-face service persists.,https://berufenet.arbeitsagentur.de/berufenet/faces/index?path=null/suchergebnisse&such=62102
63802,Reinigungskraft,Cleaner,reinigungskraft,"Kaufmännische Dienstleistungen, Warenhandel, Vertrieb, Hotel und Tourismus","Commercial Services, Trade, Sales, Hotel and Tourism",23807,1105522,-4,Leichter Überhang,Moderate Surplus,Helfer (keine formale Ausbildung),No formal qualification (Helfer),1,1,Cleaning is entirely physical work in various environments. Robots exist but human cleaners handle complexity.,https://berufenet.arbeitsagentur.de/berufenet/faces/index?path=null/suchergebnisse&such=63802
63502,Kellner/in,Waiter / Waitress,kellner-in,"Kaufmännische Dienstleistungen, Warenhandel, Vertrieb, Hotel und Tourismus","Commercial Services, Trade, Sales, Hotel and Tourism",24888,846074,2,Ausgeglichen,Balanced,Helfer (keine formale Ausbildung),No formal qualification (Helfer),1,2,"Waiting tables requires physical presence, social interaction, and multitasking in a dynamic environment.",https://berufenet.arbeitsagentur.de/berufenet/faces/index?path=null/suchergebnisse&such=63502
63102,Koch/Köchin,Cook / Chef,koch-koechin,"Kaufmännische Dienstleistungen, Warenhandel, Vertrieb, Hotel und Tourismus","Commercial Services, Trade, Sales, Hotel and Tourism",30438,621083,6,Fachkräftemangel,Shortage,Fachkraft (Ausbildung),Vocational training (Fachkraft),2,2,"Cooking is physical, creative, and requires taste and real-time adaptation. AI may help with recipes but cannot replace kitchen work.",https://berufenet.arbeitsagentur.de/berufenet/faces/index?path=null/suchergebnisse&such=63102
61302,Handelsvertreter/in,Sales Representative,handelsvertreter-in,"Kaufmännische Dienstleistungen, Warenhandel, Vertrieb, Hotel und Tourismus","Commercial Services, Trade, Sales, Hotel and Tourism",43252,378513,2,Ausgeglichen,Balanced,Fachkraft (Ausbildung),Vocational training (Fachkraft),2,5,Sales combines relationship building with data analysis and reporting. AI helps with lead scoring and CRM but personal relationships matter.,https://berufenet.arbeitsagentur.de/berufenet/faces/index?path=null/suchergebnisse&such=61302
63202,Hotelfachmann/-frau,Hotel Specialist,hotelfachmann-frau,"Kaufmännische Dienstleistungen, Warenhandel, Vertrieb, Hotel und Tourismus","Commercial Services, Trade, Sales, Hotel and Tourism",31413,347359,6,Fachkräftemangel,Shortage,Fachkraft (Ausbildung),Vocational training (Fachkraft),2,3,"Hotel work combines physical service tasks with some digital booking and communication, where AI chatbots are gaining ground.",https://berufenet.arbeitsagentur.de/berufenet/faces/index?path=null/suchergebnisse&such=63202
62202,Großhandelskaufmann/-frau,Wholesale and Foreign Trade Clerk,grosshandelskaufmann-frau,"Kaufmännische Dienstleistungen, Warenhandel, Vertrieb, Hotel und Tourismus","Commercial Services, Trade, Sales, Hotel and Tourism",39897,290746,-4,Leichter Überhang,Moderate Surplus,Fachkraft (Ausbildung),Vocational training (Fachkraft),2,6,"Wholesale trade involves pricing, inventory management, and procurement documentation — tasks increasingly supported by AI.",https://berufenet.arbeitsagentur.de/berufenet/faces/index?path=null/suchergebnisse&such=62202
62502,Friseur/in,Hairdresser,friseur-in,"Kaufmännische Dienstleistungen, Warenhandel, Vertrieb, Hotel und Tourismus","Commercial Services, Trade, Sales, Hotel and Tourism",24137,237073,2,Ausgeglichen,Balanced,Fachkraft (Ausbildung),Vocational training (Fachkraft),2,1,Hairdressing requires hands-on physical work with clients. AI cannot cut or style hair.,https://berufenet.arbeitsagentur.de/berufenet/faces/index?path=null/suchergebnisse&such=62502
63602,Bäcker/in,Baker,baecker-in,"Kaufmännische Dienstleistungen, Warenhandel, Vertrieb, Hotel und Tourismus","Commercial Services, Trade, Sales, Hotel and Tourism",30326,149310,-4,Leichter Überhang,Moderate Surplus,Fachkraft (Ausbildung),Vocational training (Fachkraft),2,2,Baking is physical hands-on work with ingredients and ovens. AI has minimal impact on the craft.,https://berufenet.arbeitsagentur.de/berufenet/faces/index?path=null/suchergebnisse&such=63602
61104,Einkaufsmanager/in,Purchasing Manager,einkaufsmanager-in,"Kaufmännische Dienstleistungen, Warenhandel, Vertrieb, Hotel und Tourismus","Commercial Services, Trade, Sales, Hotel and Tourism",61825,96258,2,Ausgeglichen,Balanced,Experte (Hochschulabschluss),University degree (Experte),4,6,"Purchasing management involves analysis, negotiation, and process optimization — areas where AI can significantly assist.",https://berufenet.arbeitsagentur.de/berufenet/faces/index?path=null/suchergebnisse&such=61104
63702,Metzger/in (Fleischer/in),Butcher,metzger-in-fleischer-in,"Kaufmännische Dienstleistungen, Warenhandel, Vertrieb, Hotel und Tourismus","Commercial Services, Trade, Sales, Hotel and Tourism",30167,86113,-8,Starker Überhang,Strong Surplus,Fachkraft (Ausbildung),Vocational training (Fachkraft),2,2,Butchery is physical manual work with sharp tools. AI has no meaningful impact.,https://berufenet.arbeitsagentur.de/berufenet/faces/index?path=null/suchergebnisse&such=63702
62302,Immobilienkaufmann/-frau,Real Estate Agent,immobilienkaufmann-frau,"Kaufmännische Dienstleistungen, Warenhandel, Vertrieb, Hotel und Tourismus","Commercial Services, Trade, Sales, Hotel and Tourism",42763,85188,2,Ausgeglichen,Balanced,Fachkraft (Ausbildung),Vocational training (Fachkraft),2,5,Real estate combines property viewings (physical) with market analysis and documentation (digital). AI assists with the digital components.,https://berufenet.arbeitsagentur.de/berufenet/faces/index?path=null/suchergebnisse&such=62302
63302,Tourismuskaufmann/-frau,Tourism Specialist,tourismuskaufmann-frau,"Kaufmännische Dienstleistungen, Warenhandel, Vertrieb, Hotel und Tourismus","Commercial Services, Trade, Sales, Hotel and Tourism",31254,78659,2,Ausgeglichen,Balanced,Fachkraft (Ausbildung),Vocational training (Fachkraft),2,6,"Tourism services involve significant booking, planning, and documentation work increasingly handled by AI booking engines.",https://berufenet.arbeitsagentur.de/berufenet/faces/index?path=null/suchergebnisse&such=63302
62602,Kaufmann/-frau im E-Commerce,E-Commerce Specialist,kaufmann-frau-im-e-commerce,"Kaufmännische Dienstleistungen, Warenhandel, Vertrieb, Hotel und Tourismus","Commercial Services, Trade, Sales, Hotel and Tourism",37108,66689,6,Fachkräftemangel,Shortage,Fachkraft (Ausbildung),Vocational training (Fachkraft),2,7,"E-commerce is digital — product listings, SEO, analytics, customer communication. AI tools are transforming online retail operations.",https://berufenet.arbeitsagentur.de/berufenet/faces/index?path=null/suchergebnisse&such=62602
63402,Veranstaltungskaufmann/-frau,Event Manager,veranstaltungskaufmann-frau,"Kaufmännische Dienstleistungen, Warenhandel, Vertrieb, Hotel und Tourismus","Commercial Services, Trade, Sales, Hotel and Tourism",37353,54220,2,Ausgeglichen,Balanced,Fachkraft (Ausbildung),Vocational training (Fachkraft),2,5,Event management combines logistics (physical setup) with planning and communication (digital). AI assists with scheduling and coordination.,https://berufenet.arbeitsagentur.de/berufenet/faces/index?path=null/suchergebnisse&such=63402
61204,Außenhandelsmanager/in,Foreign Trade Manager,aussenhandelsmanager-in,"Kaufmännische Dienstleistungen, Warenhandel, Vertrieb, Hotel und Tourismus","Commercial Services, Trade, Sales, Hotel and Tourism",60003,41191,2,Ausgeglichen,Balanced,Experte (Hochschulabschluss),University degree (Experte),4,6,"International trade management involves document processing, compliance, and market analysis — domains where AI is increasingly effective.",https://berufenet.arbeitsagentur.de/berufenet/faces/index?path=null/suchergebnisse&such=61204
62402,Florist/in,Florist,florist-in,"Kaufmännische Dienstleistungen, Warenhandel, Vertrieb, Hotel und Tourismus","Commercial Services, Trade, Sales, Hotel and Tourism",25880,35953,-4,Leichter Überhang,Moderate Surplus,Fachkraft (Ausbildung),Vocational training (Fachkraft),2,2,"Floristry is physical, creative handwork. AI has minimal impact on arranging flowers.",https://berufenet.arbeitsagentur.de/berufenet/faces/index?path=null/suchergebnisse&such=62402
11102,Landwirt/in,Farmer,landwirt-in,"Land-, Forst- und Tierwirtschaft und Gartenbau","Agriculture, Forestry, Animal Husbandry and Horticulture",32446,242876,2,Ausgeglichen,Balanced,Fachkraft (Ausbildung),Vocational training (Fachkraft),2,2,Farming requires physical presence and hands-on work with crops and livestock. AI can assist with precision agriculture but cannot replace the core manual and environmental tasks.,https://berufenet.arbeitsagentur.de/berufenet/faces/index?path=null/suchergebnisse&such=11102
12102,Gärtner/in,Gardener / Horticulturist,gaertner-in,"Land-, Forst- und Tierwirtschaft und Gartenbau","Agriculture, Forestry, Animal Husbandry and Horticulture",31176,180416,2,Ausgeglichen,Balanced,Fachkraft (Ausbildung),Vocational training (Fachkraft),2,2,Gardening involves physical labor in variable outdoor conditions. AI may assist with planning but core work remains manual.,https://berufenet.arbeitsagentur.de/berufenet/faces/index?path=null/suchergebnisse&such=12102
11712,Tierpfleger/in,Animal Keeper,tierpfleger-in,"Land-, Forst- und Tierwirtschaft und Gartenbau","Agriculture, Forestry, Animal Husbandry and Horticulture",27371,44253,2,Ausgeglichen,Balanced,Fachkraft (Ausbildung),Vocational training (Fachkraft),2,1,Animal care is inherently physical and requires real-time presence. AI has minimal impact on daily hands-on care routines.,https://berufenet.arbeitsagentur.de/berufenet/faces/index?path=null/suchergebnisse&such=11712
11402,Forstwirt/in,Forestry Worker,forstwirt-in,"Land-, Forst- und Tierwirtschaft und Gartenbau","Agriculture, Forestry, Animal Husbandry and Horticulture",34804,38402,6,Fachkräftemangel,Shortage,Fachkraft (Ausbildung),Vocational training (Fachkraft),2,1,Forestry work is conducted outdoors in unpredictable environments with physical tools. AI exposure is minimal.,https://berufenet.arbeitsagentur.de/berufenet/faces/index?path=null/suchergebnisse&such=11402
11804,Agrarwissenschaftler/in,Agricultural Scientist,agrarwissenschaftler-in,"Land-, Forst- und Tierwirtschaft und Gartenbau","Agriculture, Forestry, Animal Husbandry and Horticulture",54571,14577,6,Fachkräftemangel,Shortage,Experte (Hochschulabschluss),University degree (Experte),4,6,"Agricultural scientists do significant knowledge work including data analysis, research, and reporting — all areas where AI is increasingly capable.",https://berufenet.arbeitsagentur.de/berufenet/faces/index?path=null/suchergebnisse&such=11804
53212,Soldat/in,Soldier,soldat-in,Militär,Military,33634,181376,2,Ausgeglichen,Balanced,Fachkraft (Ausbildung),Vocational training (Fachkraft),2,2,"Military service involves physical fitness, fieldwork, and operational readiness. AI assists with reconnaissance but core duties are physical.",https://berufenet.arbeitsagentur.de/berufenet/faces/index?path=null/suchergebnisse&such=53212
43104,Softwareentwickler/in,Software Developer,softwareentwickler-in,"Naturwissenschaft, Geografie und Informatik","Natural Sciences, Geography and IT",63486,533623,12,Starker Fachkräftemangel,Severe Shortage,Experte (Hochschulabschluss),University degree (Experte),4,9,"Software development is almost entirely digital work — writing code, debugging, designing systems. AI coding assistants are already transforming this field.",https://berufenet.arbeitsagentur.de/berufenet/faces/index?path=null/suchergebnisse&such=43104
43702,Fachinformatiker/in Anwendungsentwicklung,IT Application Developer,fachinformatiker-in-anwendungsentwicklung,"Naturwissenschaft, Geografie und Informatik","Natural Sciences, Geography and IT",47932,304676,12,Starker Fachkräftemangel,Severe Shortage,Fachkraft (Ausbildung),Vocational training (Fachkraft),2,8,Application development is digital coding work. AI code generation tools significantly impact productivity and may reduce headcount needs.,https://berufenet.arbeitsagentur.de/berufenet/faces/index?path=null/suchergebnisse&such=43702
43802,Fachinformatiker/in Systemintegration,IT Systems Integrator,fachinformatiker-in-systemintegration,"Naturwissenschaft, Geografie und Informatik","Natural Sciences, Geography and IT",44555,204439,6,Fachkräftemangel,Shortage,Fachkraft (Ausbildung),Vocational training (Fachkraft),2,5,Systems integration combines physical hardware setup with scripting and configuration. AI helps with automation but hardware work persists.,https://berufenet.arbeitsagentur.de/berufenet/faces/index?path=null/suchergebnisse&such=43802
43304,IT-Systemadministrator/in,IT Systems Administrator,it-systemadministrator-in,"Naturwissenschaft, Geografie und Informatik","Natural Sciences, Geography and IT",50290,187543,6,Fachkräftemangel,Shortage,Spezialist (Meister/Techniker/Fachwirt),Master craftsman / Technician (Spezialist),3,5,IT administration combines hands-on hardware work with scriptable automation tasks. AI is accelerating the automation side.,https://berufenet.arbeitsagentur.de/berufenet/faces/index?path=null/suchergebnisse&such=43304
43114,IT-Projektmanager/in,IT Project Manager,it-projektmanager-in,"Naturwissenschaft, Geografie und Informatik","Natural Sciences, Geography and IT",70050,140930,6,Fachkräftemangel,Shortage,Experte (Hochschulabschluss),University degree (Experte),4,7,"IT project management is predominantly digital — planning, documentation, communication. AI tools are reshaping project tracking and reporting.",https://berufenet.arbeitsagentur.de/berufenet/faces/index?path=null/suchergebnisse&such=43114
43504,Web-Entwickler/in,Web Developer,web-entwickler-in,"Naturwissenschaft, Geografie und Informatik","Natural Sciences, Geography and IT",53411,123188,6,Fachkräftemangel,Shortage,Experte (Hochschulabschluss),University degree (Experte),4,9,"Web development is purely digital — HTML, CSS, JavaScript, design implementation. AI code generation tools are already highly capable in this domain.",https://berufenet.arbeitsagentur.de/berufenet/faces/index?path=null/suchergebnisse&such=43504
43204,IT-Sicherheitsspezialist/in,IT Security Specialist,it-sicherheitsspezialist-in,"Naturwissenschaft, Geografie und Informatik","Natural Sciences, Geography and IT",68709,93677,12,Starker Fachkräftemangel,Severe Shortage,Experte (Hochschulabschluss),University degree (Experte),4,6,Cybersecurity combines analytical skills with hands-on incident response. AI enhances threat detection but human judgment remains critical.,https://berufenet.arbeitsagentur.de/berufenet/faces/index?path=null/suchergebnisse&such=43204
43154,DevOps-Ingenieur/in,DevOps Engineer,devops-ingenieur-in,"Naturwissenschaft, Geografie und Informatik","Natural Sciences, Geography and IT",71389,87530,12,Starker Fachkräftemangel,Severe Shortage,Experte (Hochschulabschluss),University degree (Experte),4,7,"DevOps is digital infrastructure work — CI/CD, automation, monitoring. AI is increasingly capable of writing deployment scripts and configurations.",https://berufenet.arbeitsagentur.de/berufenet/faces/index?path=null/suchergebnisse&such=43154
43414,Datenwissenschaftler/in,Data Scientist,datenwissenschaftler-in,"Naturwissenschaft, Geografie und Informatik","Natural Sciences, Geography and IT",69006,85556,12,Starker Fachkräftemangel,Severe Shortage,Experte (Hochschulabschluss),University degree (Experte),4,8,"Data science is fully digital — analysis, modeling, visualization. AI can increasingly automate exploratory analysis and model building.",https://berufenet.arbeitsagentur.de/berufenet/faces/index?path=null/suchergebnisse&such=43414
43904,KI-Ingenieur/in,AI/ML Engineer,ki-ingenieur-in,"Naturwissenschaft, Geografie und Informatik","Natural Sciences, Geography and IT",71679,55277,12,Starker Fachkräftemangel,Severe Shortage,Experte (Hochschulabschluss),University degree (Experte),4,7,"AI engineering is digital knowledge work. Paradoxically, AI tools are increasingly capable of assisting with their own development.",https://berufenet.arbeitsagentur.de/berufenet/faces/index?path=null/suchergebnisse&such=43904
43614,Datenbankadministrator/in,Database Administrator,datenbankadministrator-in,"Naturwissenschaft, Geografie und Informatik","Natural Sciences, Geography and IT",56870,47700,2,Ausgeglichen,Balanced,Spezialist (Meister/Techniker/Fachwirt),Master craftsman / Technician (Spezialist),3,7,"Database administration is digital work — queries, optimization, monitoring. AI is automating many routine DBA tasks.",https://berufenet.arbeitsagentur.de/berufenet/faces/index?path=null/suchergebnisse&such=43614
41104,Biologe/Biologin,Biologist,biologe-biologin,"Naturwissenschaft, Geografie und Informatik","Natural Sciences, Geography and IT",48318,47653,2,Ausgeglichen,Balanced,Experte (Hochschulabschluss),University degree (Experte),4,5,Biology combines lab work (physical) with data analysis and publication (digital). AI assists with the knowledge work components.,https://berufenet.arbeitsagentur.de/berufenet/faces/index?path=null/suchergebnisse&such=41104
41214,Chemiker/in,Chemist,chemiker-in,"Naturwissenschaft, Geografie und Informatik","Natural Sciences, Geography and IT",60839,42352,2,Ausgeglichen,Balanced,Experte (Hochschulabschluss),University degree (Experte),4,5,Chemistry research involves physical lab work alongside significant data analysis and reporting where AI can contribute.,https://berufenet.arbeitsagentur.de/berufenet/faces/index?path=null/suchergebnisse&such=41214
41314,Physiker/in,Physicist,physiker-in,"Naturwissenschaft, Geografie und Informatik","Natural Sciences, Geography and IT",62353,28310,2,Ausgeglichen,Balanced,Experte (Hochschulabschluss),University degree (Experte),4,6,Physics research involves significant computational modeling and analysis. AI is increasingly useful for simulation and data interpretation.,https://berufenet.arbeitsagentur.de/berufenet/faces/index?path=null/suchergebnisse&such=41314
41504,Mathematiker/in,Mathematician,mathematiker-in,"Naturwissenschaft, Geografie und Informatik","Natural Sciences, Geography and IT",64333,21756,6,Fachkräftemangel,Shortage,Experte (Hochschulabschluss),University degree (Experte),4,8,"Mathematics is pure knowledge work involving proofs, modeling, and computation. AI systems are increasingly strong at mathematical reasoning.",https://berufenet.arbeitsagentur.de/berufenet/faces/index?path=null/suchergebnisse&such=41504
42104,Geologe/Geologin,Geologist,geologe-geologin,"Naturwissenschaft, Geografie und Informatik","Natural Sciences, Geography and IT",56885,12198,2,Ausgeglichen,Balanced,Experte (Hochschulabschluss),University degree (Experte),4,4,Geology combines fieldwork with data analysis and GIS mapping. AI helps with the analytical side but fieldwork stays manual.,https://berufenet.arbeitsagentur.de/berufenet/faces/index?path=null/suchergebnisse&such=42104
25402,Maschinen- und Anlagenführer/in,Machine Operator,maschinen-und-anlagenfuehrer-in,"Rohstoffgewinnung, Produktion und Fertigung","Raw Materials Extraction, Production and Manufacturing",34321,382721,-4,Leichter Überhang,Moderate Surplus,Fachkraft (Ausbildung),Vocational training (Fachkraft),2,3,Machine operation is physical work on factory floors. AI optimizes settings but operators must be present.,https://berufenet.arbeitsagentur.de/berufenet/faces/index?path=null/suchergebnisse&such=25402
25302,Elektrotechniker/in,Electrical Technician,elektrotechniker-in,"Rohstoffgewinnung, Produktion und Fertigung","Raw Materials Extraction, Production and Manufacturing",39000,348634,6,Fachkräftemangel,Shortage,Fachkraft (Ausbildung),Vocational training (Fachkraft),2,3,Electrical installation is hands-on physical work. AI helps with planning but wiring and troubleshooting are manual.,https://berufenet.arbeitsagentur.de/berufenet/faces/index?path=null/suchergebnisse&such=25302
24212,Industriemechaniker/in,Industrial Mechanic,industriemechaniker-in,"Rohstoffgewinnung, Produktion und Fertigung","Raw Materials Extraction, Production and Manufacturing",36938,281499,2,Ausgeglichen,Balanced,Fachkraft (Ausbildung),Vocational training (Fachkraft),2,2,Industrial mechanics work physically with machinery in factory environments. AI may optimize maintenance schedules but cannot replace manual repair.,https://berufenet.arbeitsagentur.de/berufenet/faces/index?path=null/suchergebnisse&such=24212
24112,Metallbauer/in,Metal Worker,metallbauer-in,"Rohstoffgewinnung, Produktion und Fertigung","Raw Materials Extraction, Production and Manufacturing",34988,210067,2,Ausgeglichen,Balanced,Fachkraft (Ausbildung),Vocational training (Fachkraft),2,2,Metal fabrication is a physical trade requiring manual skill with tools and materials. AI assists CNC programming but not hands-on metalwork.,https://berufenet.arbeitsagentur.de/berufenet/faces/index?path=null/suchergebnisse&such=24112
25502,Industrieelektriker/in,Industrial Electrician,industrieelektriker-in,"Rohstoffgewinnung, Produktion und Fertigung","Raw Materials Extraction, Production and Manufacturing",36379,191644,2,Ausgeglichen,Balanced,Fachkraft (Ausbildung),Vocational training (Fachkraft),2,2,Industrial electrical work is hands-on in factory environments. AI has minimal impact on physical wiring.,https://berufenet.arbeitsagentur.de/berufenet/faces/index?path=null/suchergebnisse&such=25502
25102,Maschinenbauingenieur/in,Mechanical Engineer,maschinenbauingenieur-in,"Rohstoffgewinnung, Produktion und Fertigung","Raw Materials Extraction, Production and Manufacturing",59065,191477,6,Fachkräftemangel,Shortage,Experte (Hochschulabschluss),University degree (Experte),4,6,"Mechanical engineering involves significant CAD work, simulation, and documentation — domains where AI is advancing rapidly.",https://berufenet.arbeitsagentur.de/berufenet/faces/index?path=null/suchergebnisse&such=25102
26112,Mechatroniker/in,Mechatronics Technician,mechatroniker-in,"Rohstoffgewinnung, Produktion und Fertigung","Raw Materials Extraction, Production and Manufacturing",40599,185498,2,Ausgeglichen,Balanced,Fachkraft (Ausbildung),Vocational training (Fachkraft),2,3,Mechatronics combines physical repair and installation with some digital diagnostics. AI can assist with troubleshooting but core work is hands-on.,https://berufenet.arbeitsagentur.de/berufenet/faces/index?path=null/suchergebnisse&such=26112
25212,Elektroingenieur/in,Electrical Engineer,elektroingenieur-in,"Rohstoffgewinnung, Produktion und Fertigung","Raw Materials Extraction, Production and Manufacturing",62353,170766,6,Fachkräftemangel,Shortage,Experte (Hochschulabschluss),University degree (Experte),4,6,"Electrical engineering involves significant digital design, simulation, and documentation work that AI is increasingly capable of supporting.",https://berufenet.arbeitsagentur.de/berufenet/faces/index?path=null/suchergebnisse&such=25212
24302,Werkzeugmechaniker/in,Toolmaker,werkzeugmechaniker-in,"Rohstoffgewinnung, Produktion und Fertigung","Raw Materials Extraction, Production and Manufacturing",39516,69980,-4,Leichter Überhang,Moderate Surplus,Fachkraft (Ausbildung),Vocational training (Fachkraft),2,3,Toolmaking is precision manual work with CNC and manual machines. AI assists with CNC programming but core skills are physical.,https://berufenet.arbeitsagentur.de/berufenet/faces/index?path=null/suchergebnisse&such=24302
22102,Lebensmitteltechniker/in,Food Technologist,lebensmitteltechniker-in,"Rohstoffgewinnung, Produktion und Fertigung","Raw Materials Extraction, Production and Manufacturing",43299,65987,2,Ausgeglichen,Balanced,Spezialist (Meister/Techniker/Fachwirt),Master craftsman / Technician (Spezialist),3,4,Food technology combines lab work with process optimization. AI can help with quality control analytics and recipe optimization.,https://berufenet.arbeitsagentur.de/berufenet/faces/index?path=null/suchergebnisse&such=22102
27102,Technische/r Produktdesigner/in,Technical Product Designer,technische-r-produktdesigner-in,"Rohstoffgewinnung, Produktion und Fertigung","Raw Materials Extraction, Production and Manufacturing",41223,55653,-4,Leichter Überhang,Moderate Surplus,Fachkraft (Ausbildung),Vocational training (Fachkraft),2,7,"Product design is increasingly digital — CAD, rendering, documentation. AI tools are already augmenting design workflows significantly.",https://berufenet.arbeitsagentur.de/berufenet/faces/index?path=null/suchergebnisse&such=27102
21102,Chemielaborant/in,Chemical Lab Technician,chemielaborant-in,"Rohstoffgewinnung, Produktion und Fertigung","Raw Materials Extraction, Production and Manufacturing",40355,52323,2,Ausgeglichen,Balanced,Fachkraft (Ausbildung),Vocational training (Fachkraft),2,4,Lab work combines physical experimentation with data analysis. AI can assist with analytical tasks but physical lab work remains manual.,https://berufenet.arbeitsagentur.de/berufenet/faces/index?path=null/suchergebnisse&such=21102
20102,Verfahrenstechniker/in,Process Engineer,verfahrenstechniker-in,"Rohstoffgewinnung, Produktion und Fertigung","Raw Materials Extraction, Production and Manufacturing",59781,42578,6,Fachkräftemangel,Shortage,Experte (Hochschulabschluss),University degree (Experte),4,5,Process engineering mixes physical plant operations with significant analytical and optimization work where AI can contribute.,https://berufenet.arbeitsagentur.de/berufenet/faces/index?path=null/suchergebnisse&such=20102
28102,Textiltechniker/in,Textile Technician,textiltechniker-in,"Rohstoffgewinnung, Produktion und Fertigung","Raw Materials Extraction, Production and Manufacturing",32473,31339,-4,Leichter Überhang,Moderate Surplus,Fachkraft (Ausbildung),Vocational training (Fachkraft),2,3,Textile work involves physical machine operation and material handling. AI has limited impact on core production tasks.,https://berufenet.arbeitsagentur.de/berufenet/faces/index?path=null/suchergebnisse&such=28102
29102,Getränketechnologe/in,Beverage Technologist,getraenketechnologe-in,"Rohstoffgewinnung, Produktion und Fertigung","Raw Materials Extraction, Production and Manufacturing",37645,17824,2,Ausgeglichen,Balanced,Fachkraft (Ausbildung),Vocational training (Fachkraft),2,3,Beverage production requires physical process management. AI can optimize formulas and quality control.,https://berufenet.arbeitsagentur.de/berufenet/faces/index?path=null/suchergebnisse&such=29102
23102,Papiertechniker/in,Paper Technologist,papiertechniker-in,"Rohstoffgewinnung, Produktion und Fertigung","Raw Materials Extraction, Production and Manufacturing",38137,12340,-8,Starker Überhang,Strong Surplus,Fachkraft (Ausbildung),Vocational training (Fachkraft),2,3,Paper manufacturing involves machine operation in industrial settings. AI has limited impact on core production.,https://berufenet.arbeitsagentur.de/berufenet/faces/index?path=null/suchergebnisse&such=23102
92104,Grafikdesigner/in,Graphic Designer,grafikdesigner-in,"Sprach-, Literatur-, Geistes-, Gesellschafts- und Wirtschaftswissenschaften, Medien, Kunst, Kultur und Gestaltung","Humanities, Media, Arts, Culture and Design",40800,83125,-4,Leichter Überhang,Moderate Surplus,Experte (Hochschulabschluss),University degree (Experte),4,9,"Graphic design is entirely digital — layouts, illustrations, branding. AI image generation is already transforming this field dramatically.",https://berufenet.arbeitsagentur.de/berufenet/faces/index?path=null/suchergebnisse&such=92104
91104,Journalist/in,Journalist,journalist-in,"Sprach-, Literatur-, Geistes-, Gesellschafts- und Wirtschaftswissenschaften, Medien, Kunst, Kultur und Gestaltung","Humanities, Media, Arts, Culture and Design",50090,72306,-4,Leichter Überhang,Moderate Surplus,Experte (Hochschulabschluss),University degree (Experte),4,8,"Journalism is predominantly digital knowledge work — researching, writing, editing. AI can generate articles and summarize sources at scale.",https://berufenet.arbeitsagentur.de/berufenet/faces/index?path=null/suchergebnisse&such=91104
92404,Webdesigner/in,Web Designer,webdesigner-in,"Sprach-, Literatur-, Geistes-, Gesellschafts- und Wirtschaftswissenschaften, Medien, Kunst, Kultur und Gestaltung","Humanities, Media, Arts, Culture and Design",47533,64374,-4,Leichter Überhang,Moderate Surplus,Experte (Hochschulabschluss),University degree (Experte),4,9,"Web design is entirely digital. AI tools can now generate complete website designs, layouts, and CSS — high exposure.",https://berufenet.arbeitsagentur.de/berufenet/faces/index?path=null/suchergebnisse&such=92404
93102,Musiker/in,Musician,musiker-in,"Sprach-, Literatur-, Geistes-, Gesellschafts- und Wirtschaftswissenschaften, Medien, Kunst, Kultur und Gestaltung","Humanities, Media, Arts, Culture and Design",36076,53979,2,Ausgeglichen,Balanced,Experte (Hochschulabschluss),University degree (Experte),4,4,Music performance requires physical presence and artistic expression. AI generates music but live performance remains human.,https://berufenet.arbeitsagentur.de/berufenet/faces/index?path=null/suchergebnisse&such=93102
94304,Redakteur/in,Editor,redakteur-in,"Sprach-, Literatur-, Geistes-, Gesellschafts- und Wirtschaftswissenschaften, Medien, Kunst, Kultur und Gestaltung","Humanities, Media, Arts, Culture and Design",43187,47802,-4,Leichter Überhang,Moderate Surplus,Experte (Hochschulabschluss),University degree (Experte),4,8,"Editing is digital knowledge work — reviewing, correcting, restructuring text. AI is increasingly capable of these tasks.",https://berufenet.arbeitsagentur.de/berufenet/faces/index?path=null/suchergebnisse&such=94304
94102,Autor/in / Schriftsteller/in,Author / Writer,autor-in-schriftsteller-in,"Sprach-, Literatur-, Geistes-, Gesellschafts- und Wirtschaftswissenschaften, Medien, Kunst, Kultur und Gestaltung","Humanities, Media, Arts, Culture and Design",39374,41367,-4,Leichter Überhang,Moderate Surplus,Experte (Hochschulabschluss),University degree (Experte),4,8,"Writing is pure knowledge work. AI language models can generate text at scale, significantly impacting content creation.",https://berufenet.arbeitsagentur.de/berufenet/faces/index?path=null/suchergebnisse&such=94102
92302,Fotograf/in,Photographer,fotograf-in,"Sprach-, Literatur-, Geistes-, Gesellschafts- und Wirtschaftswissenschaften, Medien, Kunst, Kultur und Gestaltung","Humanities, Media, Arts, Culture and Design",32733,38395,-4,Leichter Überhang,Moderate Surplus,Fachkraft (Ausbildung),Vocational training (Fachkraft),2,6,Photography combines physical presence (shooting) with extensive digital post-processing where AI is increasingly capable.,https://berufenet.arbeitsagentur.de/berufenet/faces/index?path=null/suchergebnisse&such=92302
92202,Übersetzer/in / Dolmetscher/in,Translator / Interpreter,uebersetzer-in-dolmetscher-in,"Sprach-, Literatur-, Geistes-, Gesellschafts- und Wirtschaftswissenschaften, Medien, Kunst, Kultur und Gestaltung","Humanities, Media, Arts, Culture and Design",41886,35597,-8,Starker Überhang,Strong Surplus,Experte (Hochschulabschluss),University degree (Experte),4,9,Translation is pure language work. Machine translation with AI has already disrupted this field. Interpreting retains more human need but is also exposed.,https://berufenet.arbeitsagentur.de/berufenet/faces/index?path=null/suchergebnisse&such=92202
91202,Geisteswissenschaftler/in,Humanities Scholar,geisteswissenschaftler-in,"Sprach-, Literatur-, Geistes-, Gesellschafts- und Wirtschaftswissenschaften, Medien, Kunst, Kultur und Gestaltung","Humanities, Media, Arts, Culture and Design",43825,34782,-4,Leichter Überhang,Moderate Surplus,Experte (Hochschulabschluss),University degree (Experte),4,7,"Humanities scholarship is knowledge-intensive — research, writing, analysis. AI significantly impacts text-based scholarship.",https://berufenet.arbeitsagentur.de/berufenet/faces/index?path=null/suchergebnisse&such=91202
91302,Bibliothekar/in,Librarian,bibliothekar-in,"Sprach-, Literatur-, Geistes-, Gesellschafts- und Wirtschaftswissenschaften, Medien, Kunst, Kultur und Gestaltung","Humanities, Media, Arts, Culture and Design",39695,27945,-4,Leichter Überhang,Moderate Surplus,Experte (Hochschulabschluss),University degree (Experte),4,5,Libraries combine physical service with information management. AI enhances search and cataloging but community service remains human.,https://berufenet.arbeitsagentur.de/berufenet/faces/index?path=null/suchergebnisse&such=91302
93202,Schauspieler/in,Actor,schauspieler-in,"Sprach-, Literatur-, Geistes-, Gesellschafts- und Wirtschaftswissenschaften, Medien, Kunst, Kultur und Gestaltung","Humanities, Media, Arts, Culture and Design",31452,24398,2,Ausgeglichen,Balanced,Experte (Hochschulabschluss),University degree (Experte),4,3,Acting requires physical and emotional performance. AI-generated media exists but live and film acting needs human performers.,https://berufenet.arbeitsagentur.de/berufenet/faces/index?path=null/suchergebnisse&such=93202
93302,Tänzer/in,Dancer,taenzer-in,"Sprach-, Literatur-, Geistes-, Gesellschafts- und Wirtschaftswissenschaften, Medien, Kunst, Kultur und Gestaltung","Humanities, Media, Arts, Culture and Design",29312,8038,2,Ausgeglichen,Balanced,Experte (Hochschulabschluss),University degree (Experte),4,2,Dance is pure physical performance art. AI has no impact on the physical act of dancing.,https://berufenet.arbeitsagentur.de/berufenet/faces/index?path=null/suchergebnisse&such=93302
71302,Bürokaufmann/-frau,Office Administrator,buerokaufmann-frau,"Unternehmensorganisation, Buchhaltung, Recht und Verwaltung","Corporate Organisation, Accounting, Law and Administration",34370,1811466,2,Ausgeglichen,Balanced,Fachkraft (Ausbildung),Vocational training (Fachkraft),2,7,"Office administration is largely digital — emails, scheduling, document management. AI tools are already automating many core tasks.",https://berufenet.arbeitsagentur.de/berufenet/faces/index?path=null/suchergebnisse&such=71302
71202,Verwaltungsfachangestellte/r,Public Administration Clerk,verwaltungsfachangestellte-r,"Unternehmensorganisation, Buchhaltung, Recht und Verwaltung","Corporate Organisation, Accounting, Law and Administration",36823,1196301,2,Ausgeglichen,Balanced,Fachkraft (Ausbildung),Vocational training (Fachkraft),2,6,"Public administration involves extensive document processing, form management, and correspondence — all increasingly automatable.",https://berufenet.arbeitsagentur.de/berufenet/faces/index?path=null/suchergebnisse&such=71202
71702,Sachbearbeiter/in (allgemein),General Clerk,sachbearbeiter-in-allgemein,"Unternehmensorganisation, Buchhaltung, Recht und Verwaltung","Corporate Organisation, Accounting, Law and Administration",33100,928334,-4,Leichter Überhang,Moderate Surplus,Fachkraft (Ausbildung),Vocational training (Fachkraft),2,7,"General clerical work is office-based — data entry, filing, correspondence. AI is automating most routine clerical tasks.",https://berufenet.arbeitsagentur.de/berufenet/faces/index?path=null/suchergebnisse&such=71702
72202,Buchhalter/in,Bookkeeper / Accountant,buchhalter-in,"Unternehmensorganisation, Buchhaltung, Recht und Verwaltung","Corporate Organisation, Accounting, Law and Administration",39058,681238,-4,Leichter Überhang,Moderate Surplus,Fachkraft (Ausbildung),Vocational training (Fachkraft),2,8,"Bookkeeping is highly structured digital work — entering transactions, reconciling accounts, generating reports. AI and automation are rapidly displacing routine bookkeeping.",https://berufenet.arbeitsagentur.de/berufenet/faces/index?path=null/suchergebnisse&such=72202
71602,Sekretär/in / Assistenz,Secretary / Assistant,sekretaer-in-assistenz,"Unternehmensorganisation, Buchhaltung, Recht und Verwaltung","Corporate Organisation, Accounting, Law and Administration",33202,589885,-4,Leichter Überhang,Moderate Surplus,Fachkraft (Ausbildung),Vocational training (Fachkraft),2,8,"Administrative assistance is predominantly digital — scheduling, correspondence, document preparation. AI tools are rapidly automating these tasks.",https://berufenet.arbeitsagentur.de/berufenet/faces/index?path=null/suchergebnisse&such=71602
72402,Bankkaufmann/-frau,Banking Clerk,bankkaufmann-frau,"Unternehmensorganisation, Buchhaltung, Recht und Verwaltung","Corporate Organisation, Accounting, Law and Administration",44649,374951,-4,Leichter Überhang,Moderate Surplus,Fachkraft (Ausbildung),Vocational training (Fachkraft),2,7,"Banking is predominantly digital — transactions, risk assessment, customer data management. AI is automating many routine banking tasks.",https://berufenet.arbeitsagentur.de/berufenet/faces/index?path=null/suchergebnisse&such=72402
73602,Verwaltungswirt/in,Administrative Officer,verwaltungswirt-in,"Unternehmensorganisation, Buchhaltung, Recht und Verwaltung","Corporate Organisation, Accounting, Law and Administration",44413,342813,2,Ausgeglichen,Balanced,Spezialist (Meister/Techniker/Fachwirt),Master craftsman / Technician (Spezialist),3,6,"Public administration involves document processing, regulation interpretation, and correspondence — increasingly AI-assisted.",https://berufenet.arbeitsagentur.de/berufenet/faces/index?path=null/suchergebnisse&such=73602
71104,Geschäftsführer/in,Managing Director / CEO,geschaeftsfuehrer-in,"Unternehmensorganisation, Buchhaltung, Recht und Verwaltung","Corporate Organisation, Accounting, Law and Administration",97493,285673,2,Ausgeglichen,Balanced,Experte (Hochschulabschluss),University degree (Experte),4,5,"Executive management combines strategic thinking, relationship building, and decision-making. AI assists with analytics but leadership is inherently human.",https://berufenet.arbeitsagentur.de/berufenet/faces/index?path=null/suchergebnisse&such=71104
72502,Sachbearbeiter/in Versicherung,Insurance Claims Processor,sachbearbeiter-in-versicherung,"Unternehmensorganisation, Buchhaltung, Recht und Verwaltung","Corporate Organisation, Accounting, Law and Administration",36010,255290,-4,Leichter Überhang,Moderate Surplus,Fachkraft (Ausbildung),Vocational training (Fachkraft),2,8,"Claims processing is structured digital work — reviewing documents, applying rules, calculating payments. AI is automating this rapidly.",https://berufenet.arbeitsagentur.de/berufenet/faces/index?path=null/suchergebnisse&such=72502
72302,Versicherungskaufmann/-frau,Insurance Agent,versicherungskaufmann-frau,"Unternehmensorganisation, Buchhaltung, Recht und Verwaltung","Corporate Organisation, Accounting, Law and Administration",41514,198880,-4,Leichter Überhang,Moderate Surplus,Fachkraft (Ausbildung),Vocational training (Fachkraft),2,6,"Insurance involves risk assessment, policy documentation, and claims processing — areas where AI is making significant inroads.",https://berufenet.arbeitsagentur.de/berufenet/faces/index?path=null/suchergebnisse&such=72302
72702,Steuerfachangestellte/r,Tax Clerk,steuerfachangestellte-r,"Unternehmensorganisation, Buchhaltung, Recht und Verwaltung","Corporate Organisation, Accounting, Law and Administration",37371,189209,2,Ausgeglichen,Balanced,Fachkraft (Ausbildung),Vocational training (Fachkraft),2,8,"Tax preparation is structured digital work — forms, calculations, filing. AI is automating routine tax tasks.",https://berufenet.arbeitsagentur.de/berufenet/faces/index?path=null/suchergebnisse&such=72702
73304,Personalmanager/in,HR Manager,personalmanager-in,"Unternehmensorganisation, Buchhaltung, Recht und Verwaltung","Corporate Organisation, Accounting, Law and Administration",57004,183049,2,Ausgeglichen,Balanced,Experte (Hochschulabschluss),University degree (Experte),4,6,"HR management involves both interpersonal work (interviews, counseling) and administrative processing (increasingly automated by AI).",https://berufenet.arbeitsagentur.de/berufenet/faces/index?path=null/suchergebnisse&such=73304
73104,Rechtsanwalt/Rechtsanwältin,Lawyer,rechtsanwalt-rechtsanwaeltin,"Unternehmensorganisation, Buchhaltung, Recht und Verwaltung","Corporate Organisation, Accounting, Law and Administration",66630,169400,2,Ausgeglichen,Balanced,Experte (Hochschulabschluss),University degree (Experte),4,7,"Legal work involves extensive document review, research, and drafting. AI is transforming legal research and contract analysis.",https://berufenet.arbeitsagentur.de/berufenet/faces/index?path=null/suchergebnisse&such=73104
71404,Unternehmensberater/in,Management Consultant,unternehmensberater-in,"Unternehmensorganisation, Buchhaltung, Recht und Verwaltung","Corporate Organisation, Accounting, Law and Administration",71397,148733,6,Fachkräftemangel,Shortage,Experte (Hochschulabschluss),University degree (Experte),4,7,"Consulting is primarily knowledge work — analysis, presentations, strategy documents. AI is highly capable in these areas.",https://berufenet.arbeitsagentur.de/berufenet/faces/index?path=null/suchergebnisse&such=71404
72104,Steuerberater/in,Tax Advisor,steuerberater-in,"Unternehmensorganisation, Buchhaltung, Recht und Verwaltung","Corporate Organisation, Accounting, Law and Administration",74970,127778,2,Ausgeglichen,Balanced,Experte (Hochschulabschluss),University degree (Experte),4,7,"Tax advising is predominantly knowledge work — analyzing regulations, computing tax optimizations, preparing documentation. AI is automating many routine tax computations.",https://berufenet.arbeitsagentur.de/berufenet/faces/index?path=null/suchergebnisse&such=72104
73502,Rechtsanwaltsfachangestellte/r,Legal Secretary,rechtsanwaltsfachangestellte-r,"Unternehmensorganisation, Buchhaltung, Recht und Verwaltung","Corporate Organisation, Accounting, Law and Administration",34583,93860,-4,Leichter Überhang,Moderate Surplus,Fachkraft (Ausbildung),Vocational training (Fachkraft),2,8,"Legal secretarial work involves document preparation, filing, and correspondence — tasks increasingly automated by AI.",https://berufenet.arbeitsagentur.de/berufenet/faces/index?path=null/suchergebnisse&such=73502
72602,Controller/in,Financial Controller,controller-in,"Unternehmensorganisation, Buchhaltung, Recht und Verwaltung","Corporate Organisation, Accounting, Law and Administration",66751,86284,2,Ausgeglichen,Balanced,Experte (Hochschulabschluss),University degree (Experte),4,7,"Controlling is analytical knowledge work — budgeting, variance analysis, reporting. AI excels at these pattern-recognition tasks.",https://berufenet.arbeitsagentur.de/berufenet/faces/index?path=null/suchergebnisse&such=72602
71504,Wirtschaftsprüfer/in,Auditor,wirtschaftspruefer-in,"Unternehmensorganisation, Buchhaltung, Recht und Verwaltung","Corporate Organisation, Accounting, Law and Administration",80948,43126,2,Ausgeglichen,Balanced,Experte (Hochschulabschluss),University degree (Experte),4,7,"Auditing is predominantly digital analytical work — reviewing financial records, testing controls, and reporting. AI is automating audit procedures.",https://berufenet.arbeitsagentur.de/berufenet/faces/index?path=null/suchergebnisse&such=71504
73404,Datenschutzbeauftragte/r,Data Protection Officer,datenschutzbeauftragte-r,"Unternehmensorganisation, Buchhaltung, Recht und Verwaltung","Corporate Organisation, Accounting, Law and Administration",62307,34971,12,Starker Fachkräftemangel,Severe Shortage,Experte (Hochschulabschluss),University degree (Experte),4,5,Data protection combines legal knowledge with technical understanding. AI helps with compliance monitoring but human judgment drives policy decisions.,https://berufenet.arbeitsagentur.de/berufenet/faces/index?path=null/suchergebnisse&such=73404
73204,Notar/in,Notary Public,notar-in,"Unternehmensorganisation, Buchhaltung, Recht und Verwaltung","Corporate Organisation, Accounting, Law and Administration",83364,7788,2,Ausgeglichen,Balanced,Experte (Hochschulabschluss),University degree (Experte),4,6,"Notarial work involves document review, legal verification, and physical witnessing. AI helps with research but the attestation role requires human presence.",https://berufenet.arbeitsagentur.de/berufenet/faces/index?path=null/suchergebnisse&such=73204
51302,Fachkraft für Lagerlogistik,Warehouse Logistics Specialist,fachkraft-fuer-lagerlogistik,"Verkehr, Logistik, Schutz und Sicherheit","Transport, Logistics, Security and Safety",32225,738599,2,Ausgeglichen,Balanced,Fachkraft (Ausbildung),Vocational training (Fachkraft),2,3,Warehouse work is physical but increasingly assisted by automation and robotics. AI optimizes logistics but manual handling persists.,https://berufenet.arbeitsagentur.de/berufenet/faces/index?path=null/suchergebnisse&such=51302
52102,Berufskraftfahrer/in,Professional Driver,berufskraftfahrer-in,"Verkehr, Logistik, Schutz und Sicherheit","Transport, Logistics, Security and Safety",33326,578569,6,Fachkräftemangel,Shortage,Fachkraft (Ausbildung),Vocational training (Fachkraft),2,3,Driving is physical and requires real-time presence. Autonomous vehicles may eventually impact this but current AI exposure is moderate.,https://berufenet.arbeitsagentur.de/berufenet/faces/index?path=null/suchergebnisse&such=52102
53102,Polizist/in (gehobener Dienst),Police Officer,polizist-in-gehobener-dienst,"Verkehr, Logistik, Schutz und Sicherheit","Transport, Logistics, Security and Safety",48294,305587,6,Fachkräftemangel,Shortage,Spezialist (Meister/Techniker/Fachwirt),Master craftsman / Technician (Spezialist),3,3,"Policing requires physical presence, real-time judgment, and interpersonal skills. AI may assist with analytics but cannot replace patrol and investigation.",https://berufenet.arbeitsagentur.de/berufenet/faces/index?path=null/suchergebnisse&such=53102
54102,Sicherheitsfachkraft,Security Guard,sicherheitsfachkraft,"Verkehr, Logistik, Schutz und Sicherheit","Transport, Logistics, Security and Safety",28817,258786,2,Ausgeglichen,Balanced,Helfer (keine formale Ausbildung),No formal qualification (Helfer),1,2,Security requires physical presence and observation. AI enhances surveillance but guards remain necessary for response.,https://berufenet.arbeitsagentur.de/berufenet/faces/index?path=null/suchergebnisse&such=54102
51102,Speditionskaufmann/-frau,Freight Forwarding Clerk,speditionskaufmann-frau,"Verkehr, Logistik, Schutz und Sicherheit","Transport, Logistics, Security and Safety",37618,162222,2,Ausgeglichen,Balanced,Fachkraft (Ausbildung),Vocational training (Fachkraft),2,6,"Freight forwarding involves significant paperwork, documentation, and coordination — tasks increasingly automatable by AI.",https://berufenet.arbeitsagentur.de/berufenet/faces/index?path=null/suchergebnisse&such=51102
52302,Busfahrer/in,Bus Driver,busfahrer-in,"Verkehr, Logistik, Schutz und Sicherheit","Transport, Logistics, Security and Safety",32573,122644,-4,Leichter Überhang,Moderate Surplus,Fachkraft (Ausbildung),Vocational training (Fachkraft),2,3,Bus driving requires physical presence and passenger interaction. Autonomous buses are being tested but mass adoption is distant.,https://berufenet.arbeitsagentur.de/berufenet/faces/index?path=null/suchergebnisse&such=52302
51202,Kaufmann/-frau für Spedition,Shipping and Logistics Clerk,kaufmann-frau-fuer-spedition,"Verkehr, Logistik, Schutz und Sicherheit","Transport, Logistics, Security and Safety",36181,121630,2,Ausgeglichen,Balanced,Fachkraft (Ausbildung),Vocational training (Fachkraft),2,6,"Logistics clerking involves route planning, customs documentation, and tracking — areas where AI automation is accelerating.",https://berufenet.arbeitsagentur.de/berufenet/faces/index?path=null/suchergebnisse&such=51202
53132,Feuerwehrmann/-frau,Firefighter,feuerwehrmann-frau,"Verkehr, Logistik, Schutz und Sicherheit","Transport, Logistics, Security and Safety",42355,107506,6,Fachkräftemangel,Shortage,Fachkraft (Ausbildung),Vocational training (Fachkraft),2,1,Firefighting is dangerous physical work requiring immediate human response in unpredictable environments. AI exposure is minimal.,https://berufenet.arbeitsagentur.de/berufenet/faces/index?path=null/suchergebnisse&such=53132
51402,Postbote/Postbotin,Mail Carrier,postbote-postbotin,"Verkehr, Logistik, Schutz und Sicherheit","Transport, Logistics, Security and Safety",28773,92419,-4,Leichter Überhang,Moderate Surplus,Helfer (keine formale Ausbildung),No formal qualification (Helfer),1,2,Mail delivery is physical outdoor work requiring route navigation and package handling.,https://berufenet.arbeitsagentur.de/berufenet/faces/index?path=null/suchergebnisse&such=51402
52202,Zugführer/in,Train Driver,zugfuehrer-in,"Verkehr, Logistik, Schutz und Sicherheit","Transport, Logistics, Security and Safety",40562,46244,6,Fachkräftemangel,Shortage,Fachkraft (Ausbildung),Vocational training (Fachkraft),2,3,Train driving requires monitoring and real-time response. Automation is advancing but human oversight remains for safety.,https://berufenet.arbeitsagentur.de/berufenet/faces/index?path=null/suchergebnisse&such=52202
52502,Pilot/in,Pilot,pilot-in,"Verkehr, Logistik, Schutz und Sicherheit","Transport, Logistics, Security and Safety",99726,25014,2,Ausgeglichen,Balanced,Experte (Hochschulabschluss),University degree (Experte),4,4,"Aviation requires physical presence and real-time judgment. Autopilot assists but takeoff, landing, and emergencies need human pilots.",https://berufenet.arbeitsagentur.de/berufenet/faces/index?path=null/suchergebnisse&such=52502
